0,4001 South 700 East,84107
1,1060 Dalton Ave S,84104
2,1330 2100 S,84106
3,1488 4800 S,84123
4,177 W Price Ave,84115
5,195 W Oakland Ave,84115
6,2010 W 500 S,84104
7,2300 Parkway Blvd,84119
8,233 Canyon Rd,84103
9,2530 S 500 E,84106
10,2600 Taylorsville Blvd,84118
11,2835 Main St,84115
12,300 State St,84103
13,3060 Lester St,84119
14,3148 S 1100 W,84119
15,3365 S 900 W,84119
16,3575 W Valley Central Station bus Loop,84119
17,3595 Main St,84115
18,380 W 2880 S,84115
19,410 S State St,84111
20,4300 S 1300 E,84117
21,4580 S 2300 E,84117
22,5025 State St,84107
23,5100 South 2700 West,84118
24,5383 South 900 East #104,84117
25,600 E 900 South,84105
26,6351 South 900 East,84121